{"probabilities": [0.9454322260195782, 0.049066754556154946, 0.0030697967556824112, 0.00015931862676450638, 0.000593954534232028, 3.0825500280836354e-05, 1.9285567511114043e-06, 1.0008969247092189e-07, 0.0007176982044952824, 3.72476425873745e-05, 0.00016314436631901437, 8.466989339993925e-06, 9.300330503214804e-05, 4.826755652423794e-06, 2.114114981758116e-05, 1.0971993344266153e-06, 0.00013184932073356012, 0.000353475176100635, 1.2718439326896376e-05, 3.409689603092241e-05, 7.4633975312991085e-06, 2.000864124295414e-05, 7.199336951166776e-07, 1.9300720568473534e-06, 1.0008969247092189e-07, 2.6833070868458663e-07, 6.759215315191384e-07, 1.8120797365861965e-06, 1.1686427111413107e-06, 3.1330171882656825e-06, 7.892029155177972e-06, 2.1157760843191243e-05], "local_fields": [-1.4796229538276813, -1.1972247218758754, -1.228765784867274, -0.9550051414851627, -0.49307674935112], "pairwise_couplings": [0.0, 1.1252364229793286, 0.847855985973794, 0.98615349870224, 1.3322951467552195, 1.0621542969965314, 0.0, 0.0, 0.0, 0.0]}