{"probabilities": [0.0026281302219488896, 0.06594465651203676, 0.010967478981423555, 0.038837928534019704, 0.00636093784572668, 0.08104254612780096, 0.010434709691847082, 0.018762418257733622, 0.0059131858103643594, 0.019698844327889813, 0.02169235354890083, 0.010198643560100069, 0.07980612433183051, 0.13499405322365296, 0.1150855127422707, 0.02747360128874799, 0.0011817065487965423, 0.020597584918377525, 0.013302209706613022, 0.0327225369827781, 0.008913698369076278, 0.07889033284473164, 0.03944312993095721, 0.04926673050703858, 0.0003543655760901052, 0.0008200582056064219, 0.0035066376572065153, 0.0011452506881808185, 0.014905283515283712, 0.01751429206785001, 0.05798009133730538, 0.009614966137813537], "local_fields": [-0.4623044407235813, -0.20575401729239245, 0.7529001194791999, 0.2072413516259292, 0.3564410899611582], "pairwise_couplings": [-0.5038244771626391, 0.284181609799695, 0.24807718920047386, -0.09108224774380758, 0.4296280829402668, -0.03222167486143406, -0.5047919928395842, -0.23342497336646753, -0.16943618758186357, -0.4895200825910698]}